{
  "project_info": {
    "project_number": "960339404751",
    "project_id": "financasapp-c8761",
    "storage_bucket": "financasapp-c8761.firebasestorage.app"
  },
  "client": [
    {
      "client_info": {
        "mobilesdk_app_id": "1:960339404751:android:d6342540647c8078da54ba",
        "android_client_info": {
          "package_name": "com.example.app_finanas_af"
        }
      },
      "oauth_client": [],
      "api_key": [
        {
          "current_key": "AIzaSyAz6r4crE-sR6bz9NQSBV2O-I2YLrjAROw"
        }
      ],
      "services": {
        "appinvite_service": {
          "other_platform_oauth_client": []
        }
      }
    }
  ],
  "configuration_version": "1"
}